game_id,game_date,game_time,player_rating_post,player_whites,opponent_name,opponent_rating_post,opponent_result,opponent_country,opponent_joined,opponent_status,opponent_win,opponent_loss,opponent_draw,player_eco,player_move_1,player_move_2,player_move_3,player_move_4,player_move_5,opp_move_1,opp_move_2,opp_move_3,opp_move_4,opp_move_5,game_length,result,game_date_time,result_binary,result_multi_class,game_time_hour,game_day_of_week,opponant_tsj,opponant_all_games,player_point_change,player_rating_pre,cum_games_played,cum_games_today,cum_games_hour
4715991082,2020-04-13,10:25:00,619,1,IB85,801,win,IL,2016-06-21,basic,129.0,113.0,11.0,C23,e7e5,d8h4,h4e4,g8f6,e4c6,e2e4,f1c4,g1f3,d1e2,d2d3,33,checkmated,2020-04-13 10:25:00,0,0,10,0,1392,253.0,0.0,619.0,0,1,1
4716026808,2020-04-13,10:37:00,735,0,logjogjay,598,checkmated,GB,2020-04-05,basic,15.0,18.0,2.0,D00,d2d4,c2c3,g1f3,h2h4,e2e3,d7d5,e7e6,g8f6,b8c6,f8d6,34,win,2020-04-13 10:37:00,1,1,10,0,8,35.0,116.0,619.0,1,2,2
4716088562,2020-04-13,10:57:17,820,0,ThanasisIoannidis,707,resigned,GR,2019-08-15,basic,461.0,422.0,62.0,A25,c2c4,b1c3,d2d4,e2e3,g1f3,e7e5,b8c6,c6d4,d4c6,g8f6,14,win,2020-04-13 10:57:17,1,1,10,0,242,945.0,85.0,735.0,2,3,3
4716109886,2020-04-13,11:04:21,763,1,richjker,907,win,IE,2017-06-05,basic,22.0,33.0,3.0,C25,e7e5,d7d6,c8g4,g4f3,d8h4,e2e4,b1c3,g1f3,h2h3,g2f3,31,timeout,2020-04-13 11:04:21,0,0,11,0,1043,58.0,-57.0,820.0,3,4,1
4716173059,2020-04-13,11:24:47,703,0,aarindeepak17,803,win,IN,2020-04-12,basic,33.0,33.0,1.0,A00,e2e3,d2d3,b1c3,g1f3,e3e4,e7e5,d7d5,g8f6,b8c6,d5e4,36,checkmated,2020-04-13 11:24:47,0,0,11,0,1,67.0,-60.0,763.0,4,5,2
4716390136,2020-04-13,12:31:29,658,1,mostafa_owen22,780,win,EG,2017-01-18,basic,7.0,6.0,1.0,B00,a7a6,h7h6,g7g6,e7e6,d7d6,e2e4,f1c4,d1h5,h5e2,d2d4,51,resigned,2020-04-13 12:31:29,0,0,12,0,1181,14.0,-45.0,703.0,5,6,1
4716439776,2020-04-13,12:45:43,699,1,sexysempanzen,598,checkmated,US,2020-04-12,basic,20.0,25.0,4.0,B01,d7d5,d5e4,e7e5,f8c5,d8f6,e2e4,d2d3,d3e4,f1c4,d1h5,25,win,2020-04-13 12:45:43,1,1,12,0,1,49.0,41.0,658.0,6,7,2
4716470247,2020-04-13,12:54:23,672,0,gs430,836,win,AE,2019-11-22,basic,289.0,285.0,51.0,D02,d2d4,g1f3,f3e5,f2f3,d1d2,d7d5,g8f6,b8c6,c8f5,e7e6,15,checkmated,2020-04-13 12:54:23,0,0,12,0,143,625.0,-27.0,699.0,7,8,3
4716518982,2020-04-13,13:08:00,737,0,helloye7,576,abandoned,FR,2020-04-11,basic,0.0,2.0,0.0,C45,e2e4,g1f3,d2d4,f3d4,d1d4,e7e5,b8c6,e5d4,c6d4,g8f6,18,win,2020-04-13 13:08:00,1,1,13,0,2,2.0,65.0,672.0,8,9,1
4719804991,2020-04-14,05:39:41,747,0,Dare-re-ann,775,win,US,2020-04-14,basic,47.0,45.0,2.0,C25,e2e4,b1c3,f1c4,d1f3,g1h3,e7e5,b8c6,f8c5,g8f6,d7d6,21,checkmated,2020-04-14 05:39:41,0,0,5,1,0,94.0,10.0,737.0,9,1,1
4719838096,2020-04-14,05:54:37,724,0,christopher420,830,win,CL,2020-04-09,basic,18.0,37.0,1.0,D00,d2d4,e2e3,f1d3,c2c3,d1a4,d7d5,c8f5,e7e6,g8f6,b8c6,24,resigned,2020-04-14 05:54:37,0,0,5,1,5,56.0,-23.0,747.0,10,2,2
4720552730,2020-04-14,10:40:00,703,0,ginkgo-biloba,828,win,FR,2020-04-14,basic,179.0,149.0,5.0,C30,e2e4,f2f4,g1f3,d2d4,e4e5,e7e5,d7d6,e5f4,d6d5,c8f5,36,timeout,2020-04-14 10:40:00,0,0,10,1,0,333.0,-21.0,724.0,11,3,1
4720609170,2020-04-14,10:59:36,721,1,zmartin87,599,resigned,BG,2020-04-01,basic,295.0,290.0,13.0,B01,d7d5,d8d5,d5e6,b7b6,c8b7,e2e4,e4d5,b1c3,f1e2,g1f3,13,win,2020-04-14 10:59:36,1,1,10,1,13,598.0,18.0,703.0,12,4,2
4720623270,2020-04-14,11:04:16,740,1,Jaume1989Ferret,643,resigned,XC,2019-12-12,basic,174.0,358.0,23.0,B01,d7d5,d8d5,d5d6,c7c6,e7e5,e2e4,e4d5,b1c3,g1f3,f1e2,13,win,2020-04-14 11:04:16,1,1,11,1,124,555.0,19.0,721.0,13,5,1
4720639275,2020-04-14,11:09:43,761,0,CheezKing1,691,checkmated,FR,2020-04-14,basic,2.0,6.0,0.0,C20,e2e4,f1c4,d1h5,h5h6,c4f7,e7e5,f8c5,g7g6,g8h6,e8f7,22,win,2020-04-14 11:09:43,1,1,11,1,0,8.0,21.0,740.0,14,6,2
4720659930,2020-04-14,11:16:48,779,1,Josetrueba76,698,timeout,ES,2020-03-30,basic,516.0,534.0,51.0,C23,e7e5,d7d6,g7g6,g8f6,c8g4,e2e4,f1c4,d1h5,h5f3,b1c3,47,win,2020-04-14 11:16:48,1,1,11,1,15,1101.0,18.0,761.0,15,7,3
4720770312,2020-04-14,11:52:22,800,0,vanelli8,784,resigned,BR,2020-03-26,basic,20.0,29.0,1.0,C44,e2e4,g1f3,b2b3,d2d3,g2g4,e7e5,b8c6,g8f6,f8c5,f6g4,12,win,2020-04-14 11:52:22,1,1,11,1,19,50.0,21.0,779.0,16,8,4
4720788726,2020-04-14,11:58:14,779,1,lion8001,765,win,IT,2019-11-11,basic,527.0,511.0,46.0,B02,g8f6,g7g6,f8g7,d7d5,f6d5,e2e4,b1c3,d2d4,g1f3,e4d5,19,resigned,2020-04-14 11:58:14,0,0,11,1,155,1084.0,-21.0,800.0,17,9,5
4721086620,2020-04-14,13:27:07,758,1,ashishgupta_4,736,win,IN,2020-04-04,basic,396.0,370.0,16.0,C23,e7e5,d8f6,f6g6,f7f6,b8c6,e2e4,f1c4,d1h5,h5f3,b1c3,9,resigned,2020-04-14 13:27:07,0,0,13,1,10,782.0,-21.0,779.0,18,10,1
4724343028,2020-04-15,06:21:20,740,0,pwolimachan,750,win,IN,2020-03-27,basic,101.0,104.0,3.0,C46,e2e4,g1f3,b1c3,f1c4,f3h4,e7e5,g8f6,b8c6,f8c5,e8g8,12,checkmated,2020-04-15 06:21:20,0,0,6,2,19,208.0,-18.0,758.0,19,1,1
4724355322,2020-04-15,06:27:15,738,1,fabrimelluso,700,insufficient,ES,2019-11-24,basic,128.0,132.0,13.0,C42,e7e5,g8f6,d7d6,b8c6,c6a5,e2e4,f1c4,g1f3,d2d3,b1c3,54,insufficient,2020-04-15 06:27:15,0,2,6,2,143,273.0,-2.0,740.0,20,2,2
4724765583,2020-04-15,09:27:06,753,1,jackal234,726,checkmated,IT,2018-10-14,basic,353.0,364.0,70.0,C00,e7e6,d7d6,g8e7,e7g6,b8d7,e2e4,d2d4,g1f3,b1c3,f1c4,41,win,2020-04-15 09:27:06,1,1,9,2,549,787.0,15.0,738.0,21,3,1
4724810667,2020-04-15,09:45:20,737,0,nnus_boo,743,win,FR,2020-03-21,basic,293.0,304.0,14.0,C43,e2e4,g1f3,d2d4,d1d4,d4e3,e7e5,g8f6,e5d4,b8c6,d8e7,24,resigned,2020-04-15 09:45:20,0,0,9,2,25,611.0,-16.0,753.0,22,4,2
4724948267,2020-04-15,10:34:55,708,1,DJGJ1123,744,win,AU,2019-05-06,basic,263.0,262.0,8.0,B01,d7d5,g8f6,c8g4,g4h5,b8c6,e2e4,d2d3,b1c3,f2f3,c1f4,16,resigned,2020-04-15 10:34:55,0,0,10,2,345,533.0,-29.0,737.0,23,5,1
4724965942,2020-04-15,10:41:01,721,0,forest22800,698,resigned,UA,2019-02-18,basic,113.0,99.0,8.0,C46,e2e4,b1c3,g1f3,d2d4,f3d4,e7e5,b8c6,g8f6,e5d4,f6e4,16,win,2020-04-15 10:41:01,1,1,10,2,422,220.0,13.0,708.0,24,6,2
4724984400,2020-04-15,10:47:24,735,1,fadythomas,745,checkmated,JO,2020-01-19,basic,752.0,741.0,40.0,C00,e7e6,d8h4,h4e4,e4h1,h1g1,d2d4,e2e4,g2g3,d1e2,d4d5,44,win,2020-04-15 10:47:24,1,1,10,2,87,1533.0,14.0,721.0,25,7,3
4725024087,2020-04-15,11:01:00,748,0,fadythomas,737,resigned,JO,2020-01-19,basic,752.0,741.0,40.0,C20,e2e4,d1h5,h5e5,e5h8,h8h7,e7e5,g7g6,d8e7,e7g5,f8c5,13,win,2020-04-15 11:01:00,1,1,11,2,87,1533.0,13.0,735.0,26,8,1
4725042255,2020-04-15,11:07:30,737,0,hamidisfahan,771,win,IR,2015-03-11,basic,91.0,117.0,5.0,B01,e2e4,e4e5,g1f3,e5f6,d2d3,d7d5,d5d4,f7f6,g7f6,c7c5,22,resigned,2020-04-15 11:07:30,0,0,11,2,1862,213.0,-11.0,748.0,27,9,2
4725305668,2020-04-15,12:32:56,747,1,haidermauyad,695,checkmated,AZ,2020-03-28,basic,64.0,77.0,4.0,D02,d7d5,f7f6,b8c6,e7e5,f8d6,d2d4,g1f3,b1c3,c1f4,d4e5,38,win,2020-04-15 12:32:56,1,1,12,2,18,145.0,10.0,737.0,28,10,1
4725355974,2020-04-15,12:48:20,759,1,JarrarAbbas,753,checkmated,PK,2018-03-28,basic,121.0,118.0,14.0,A40,e7e5,f8c5,f7f6,f6e5,d8f6,d2d4,d4e5,g1f3,b1c3,f3e5,21,win,2020-04-15 12:48:20,1,1,12,2,749,253.0,12.0,747.0,29,11,2
4725378611,2020-04-15,12:55:19,748,1,fedry2,756,win,ZA,2019-11-23,basic,970.0,1505.0,88.0,D02,d7d5,f7f6,c7c6,b8a6,a6b4,d2d4,g1f3,b1c3,c1f4,e2e3,25,resigned,2020-04-15 12:55:19,0,0,12,2,144,2563.0,-11.0,759.0,30,12,3
4725420633,2020-04-15,13:07:38,738,0,samuelemagagna,765,win,IT,2020-03-12,basic,157.0,163.0,31.0,D00,d2d4,b1c3,f2f3,e2e3,e3e4,d7d5,g8f6,b8c6,c8f5,d5e4,30,resigned,2020-04-15 13:07:38,0,0,13,2,34,351.0,-10.0,748.0,31,13,1
4728888936,2020-04-16,07:51:12,749,1,chhabrakaran29,740,resigned,IN,2018-03-22,basic,724.0,750.0,22.0,D00,d7d5,g8f6,b8c6,c8f5,c6b4,d2d4,c1f4,b1c3,g1f3,e2e3,15,win,2020-04-16 07:51:12,1,1,7,3,756,1496.0,11.0,738.0,32,1,1
4728901358,2020-04-16,07:56:50,740,1,1987t,808,win,IN,2018-10-03,basic,310.0,305.0,32.0,C23,e7e5,d7d6,g7g6,g8f6,c8g4,e2e4,f1c4,d1h5,h5e2,g1f3,43,abandoned,2020-04-16 07:56:50,0,2,7,3,561,647.0,-9.0,749.0,33,2,2
4729445167,2020-04-16,11:18:56,749,0,e1gh7b17,692,checkmated,IT,2019-10-02,basic,329.0,307.0,28.0,D02,d2d4,g1f3,c1f4,e2e3,f1d3,d7d5,g8f6,c8f5,b8c6,e7e6,25,win,2020-04-16 11:18:56,1,1,11,3,197,664.0,9.0,740.0,34,3,1
4729471044,2020-04-16,11:27:53,740,0,Erik121212,762,win,NL,2018-03-20,basic,524.0,535.0,55.0,C20,e2e4,d2d3,a2a3,h2h3,c1d2,e7e5,b8c6,g8f6,f8c5,d7d5,30,checkmated,2020-04-16 11:27:53,0,0,11,3,758,1114.0,-9.0,749.0,35,4,2
4729503751,2020-04-16,11:38:38,730,1,benbodnar,720,win,HU,2020-02-24,basic,273.0,283.0,22.0,C25,e7e5,d7d6,f7f6,c7c6,b7b5,e2e4,b1c3,g1f3,f1c4,d2d3,23,checkmated,2020-04-16 11:38:38,0,0,11,3,52,578.0,-10.0,740.0,36,5,3
4729532145,2020-04-16,11:48:18,720,0,devan_maindhan,709,win,IN,2018-01-07,basic,680.0,673.0,89.0,A00,e2e3,d1f3,d2d4,h2h3,f1b5,e7e5,d7d5,g8f6,b8c6,f8b4,31,resigned,2020-04-16 11:48:18,0,0,11,3,830,1442.0,-10.0,730.0,37,6,4
4729564605,2020-04-16,11:58:55,729,0,danilogcoelho,715,resigned,BR,2019-12-04,basic,257.0,261.0,46.0,C20,e2e4,f1c4,d1f3,f3f7,f7g7,e7e5,f8c5,d8h4,e8d8,h4f2,46,win,2020-04-16 11:58:55,1,1,11,3,134,564.0,9.0,720.0,38,7,5
4729826642,2020-04-16,13:18:29,721,1,ivanrenoud-grappin,747,win,FR,2019-12-05,basic,333.0,346.0,20.0,B20,c7c5,g8f6,e7e6,d7d5,d5c4,e2e4,f1c4,b1c3,g1f3,d2d3,21,resigned,2020-04-16 13:18:29,0,0,13,3,133,699.0,-8.0,729.0,39,8,1
4729859455,2020-04-16,13:28:15,713,0,Jain0009,741,win,IN,2018-11-25,basic,6.0,20.0,3.0,A00,b1c3,g1f3,a1b1,d2d3,e2e3,e7e5,b8c6,g8f6,d7d5,f8c5,52,timeout,2020-04-16 13:28:15,0,0,13,3,508,29.0,-8.0,721.0,40,9,2
4730007754,2020-04-16,14:09:51,704,1,rafee321,701,win,IN,2020-02-25,basic,557.0,505.0,30.0,C00,e7e6,a7a6,h7h6,d7d5,f8b4,e2e4,b1c3,d2d4,g1f3,c1f4,24,resigned,2020-04-16 14:09:51,0,0,14,3,51,1092.0,-9.0,713.0,41,10,1
4730044546,2020-04-16,14:19:42,697,0,juspow,740,win,US,2020-03-18,basic,149.0,158.0,17.0,A00,b2b4,c1b2,g1f3,c2c3,d2d4,e7e5,b8c6,f8b4,b4c5,e5d4,26,checkmated,2020-04-16 14:19:42,0,0,14,3,29,324.0,-7.0,704.0,42,11,2
4730090848,2020-04-16,14:32:07,689,1,cotte69,693,win,FR,2020-03-21,basic,269.0,237.0,36.0,C23,e7e5,b8c6,g8f6,f8c5,f6g4,e2e4,f1c4,b1c3,g1f3,d2d3,20,checkmated,2020-04-16 14:32:07,0,0,14,3,26,542.0,-8.0,697.0,43,12,3
4730118690,2020-04-16,14:39:26,696,1,queenath,644,checkmated,NO,2019-03-22,basic,688.0,671.0,88.0,B00,b8c6,g8f6,e7e5,c6e5,f8d6,e2e4,d2d4,b1c3,d4e5,g1f3,13,win,2020-04-16 14:39:26,1,1,14,3,391,1447.0,7.0,689.0,44,13,4
4730132126,2020-04-16,14:43:04,704,1,mia662,704,checkmated,SI,2019-11-08,basic,597.0,595.0,60.0,B07,c7c6,d7d6,e7e6,f7f6,g7g5,e2e4,d2d4,c1f4,b1c3,g1f3,44,win,2020-04-16 14:43:04,1,1,14,3,160,1252.0,8.0,696.0,45,14,5
4730167541,2020-04-16,14:52:21,696,0,JuSa1892,731,win,FI,2020-02-11,basic,389.0,347.0,26.0,C20,e2e4,d1h5,h5e5,e5h8,g1e2,e7e5,g7g6,d8e7,e7e4,e4c2,20,resigned,2020-04-16 14:52:21,0,0,14,3,65,762.0,-8.0,704.0,46,15,6
4730213142,2020-04-16,15:04:13,697,1,BaraaBarbecues,709,win,SY,2019-12-30,basic,379.0,349.0,20.0,B20,c7c5,d7d6,c8e6,g8f6,d8a5,e2e4,c2c4,b1c3,d2d3,g1f3,26,resigned,2020-04-16 15:04:13,0,0,15,3,108,748.0,1.0,696.0,47,16,1
4734736066,2020-04-17,15:27:51,696,0,pirindulero,666,stalemate,ES,2020-03-17,basic,106.0,97.0,5.0,C44,e2e4,g1f3,d2d4,e4d5,d4e5,e7e5,b8c6,d7d5,d8d5,d5e4,52,stalemate,2020-04-17 15:27:51,0,2,15,4,31,208.0,-1.0,697.0,48,1,1
4746136377,2020-04-20,06:31:07,687,0,race26,655,win,CO,2020-04-12,basic,363.0,384.0,25.0,C30,e2e4,f2f4,d2d3,g1f3,f4e5,e7e5,d7d6,g8f6,b8c6,d6e5,41,resigned,2020-04-20 06:31:07,0,0,6,0,8,772.0,-9.0,696.0,49,1,1
4746170812,2020-04-20,06:46:03,681,1,Dmark25,779,win,US,2017-05-16,basic,1047.0,1050.0,81.0,C25,e7e5,c7c6,d7d6,b7b5,f7f6,e2e4,b1c3,g1f3,d2d3,c1g5,25,checkmated,2020-04-20 06:46:03,0,0,6,0,1070,2178.0,-6.0,687.0,50,2,2
4746186949,2020-04-20,06:53:16,673,0,argenius23,681,win,MX,2020-04-08,premium,234.0,242.0,31.0,A00,d2d4,b1c3,g1f3,e2e3,h2h3,d7d5,b8c6,g8f6,c8f5,e7e6,43,checkmated,2020-04-20 06:53:16,0,0,6,0,12,507.0,-8.0,681.0,51,3,3
4750862822,2020-04-21,08:40:09,666,0,semih318,704,win,TR,2020-04-13,basic,639.0,667.0,36.0,C42,e2e4,g1f3,f3e5,f1c4,e5f7,e7e5,g8f6,f6e4,f8c5,e4f2,26,resigned,2020-04-21 08:40:09,0,0,8,1,8,1342.0,-7.0,673.0,52,1,1
4750889863,2020-04-21,08:50:35,659,1,Artim18,712,win,MK,2019-11-18,basic,218.0,249.0,20.0,B00,b7b6,c8b7,g7g6,f8g7,d7d6,e2e4,d2d4,b1c3,g1f3,c1f4,26,resigned,2020-04-21 08:50:35,0,0,8,1,155,487.0,-7.0,666.0,53,2,2
4750909512,2020-04-21,08:57:57,666,1,EkaBeka,608,resigned,RU,2019-02-12,basic,518.0,547.0,36.0,B00,b8c6,g8f6,e7e5,c6e5,f8d6,e2e4,d2d4,b1c3,d4e5,g1f3,23,win,2020-04-21 08:57:57,1,1,8,1,434,1101.0,7.0,659.0,54,3,3
4750928473,2020-04-21,09:05:19,659,1,mohammadali626,696,win,IR,2020-03-20,basic,173.0,181.0,8.0,C42,e7e5,g8f6,c7c6,d7d5,c6d5,e2e4,b1c3,g1f3,f1c4,e4d5,24,resigned,2020-04-21 09:05:19,0,0,9,1,32,362.0,-7.0,666.0,55,4,1
4750957422,2020-04-21,09:16:30,667,0,shownfrost,649,checkmated,IN,2019-02-16,basic,103.0,101.0,6.0,C47,e2e4,g1f3,b1c3,d2d4,d4d5,e7e5,b8c6,g8f6,d7d6,c6d4,30,win,2020-04-21 09:16:30,1,1,9,1,430,210.0,8.0,659.0,56,5,2
4750993913,2020-04-21,09:30:06,674,1,mysteriousscone,622,timeout,US,2014-03-20,basic,414.0,411.0,9.0,C01,e7e6,d7d5,d8d5,f8b4,b4c3,e2e4,d2d4,e4d5,b1c3,a2a3,49,win,2020-04-21 09:30:06,1,1,9,1,2224,834.0,7.0,667.0,57,6,3
4759516423,2020-04-23,07:34:33,660,0,vivekviratap9260,731,win,IN,2020-04-13,basic,21.0,21.0,3.0,C20,e2e4,f1e2,e2h5,d1f3,f3b3,e7e5,f8b4,d8g5,g8f6,c7c5,15,resigned,2020-04-23 07:34:33,0,0,7,3,10,45.0,-14.0,674.0,58,1,1
4772504083,2020-04-26,04:26:02,653,1,Trist0503,705,win,US,2020-03-14,basic,37.0,26.0,2.0,C42,e7e5,g8f6,f8e7,e8g8,c7c6,e2e4,b1c3,g1f3,f1c4,d2d3,24,checkmated,2020-04-26 04:26:02,0,0,4,6,43,65.0,-7.0,660.0,59,1,1
4772534294,2020-04-26,04:39:34,644,0,Junior0292,620,win,AR,2020-04-19,basic,198.0,187.0,24.0,C20,e2e4,d1f3,b2b3,c1b2,d2d3,e7e5,b8c6,g8f6,d7d5,f8b4,26,resigned,2020-04-26 04:39:34,0,0,4,6,7,409.0,-9.0,653.0,60,2,2
4773791589,2020-04-26,12:13:39,636,0,apalsaha,652,win,CA,2020-02-28,basic,114.0,106.0,8.0,C20,e2e4,d2d3,c2c3,b2b4,f2f3,e7e5,b8c6,f8c5,c5b6,g8f6,31,checkmated,2020-04-26 12:13:39,0,0,12,6,58,228.0,-8.0,644.0,61,3,1
4773918149,2020-04-26,12:50:22,644,0,pandeyji0007,643,checkmated,IN,2020-04-14,basic,92.0,109.0,14.0,A00,b1c3,g1f3,c3d5,e2e4,d1e2,e7e5,b8c6,g8f6,f6e4,f7f5,41,win,2020-04-26 12:50:22,1,1,12,6,12,215.0,8.0,636.0,62,4,2
4781545200,2020-04-28,04:20:49,651,0,alex00rossi,606,resigned,IT,2019-02-25,basic,4592.0,4627.0,907.0,C20,e2e4,d1f3,f1c4,d2d3,c1g5,e7e5,b8c6,g8f6,f8c5,d7d6,17,win,2020-04-28 04:20:49,1,1,4,1,428,10126.0,7.0,644.0,63,1,1
4781558465,2020-04-28,04:26:49,642,0,WildBlueYonder21,637,win,US,2020-04-20,basic,66.0,59.0,5.0,D06,d2d4,c2c4,c1f4,e2e3,f1c4,d7d5,g8f6,d5c4,b8c6,c8f5,23,checkmated,2020-04-28 04:26:49,0,0,4,1,8,130.0,-9.0,651.0,64,2,2
4781893239,2020-04-28,06:55:01,635,1,dom8888,727,win,ES,2018-07-27,basic,114.0,67.0,8.0,C23,e7e5,b8c6,g7g6,d8f6,f6f3,e2e4,f1c4,d1h5,h5f3,g2g4,8,resigned,2020-04-28 06:55:01,0,0,6,1,641,189.0,-7.0,642.0,65,3,1
4782762861,2020-04-28,12:12:35,627,1,TosunPasa1903,656,win,TR,2020-04-27,basic,164.0,159.0,27.0,B01,d7d5,d5e4,e7e5,f8b4,c7c6,e2e4,d2d3,d3e4,d1d5,c2c3,36,timeout,2020-04-28 12:12:35,0,0,12,1,1,350.0,-8.0,635.0,66,4,1
4787180617,2020-04-29,11:54:16,619,1,RegularSloth19023004,661,win,ES,2020-04-28,basic,244.0,234.0,13.0,C26,e7e5,g8f6,b8c6,a7a5,b7b6,e2e4,f1c4,b1c3,g1f3,d2d3,34,checkmated,2020-04-29 11:54:16,0,0,11,2,1,491.0,-8.0,627.0,67,1,1
4787231543,2020-04-29,12:10:02,628,1,NeoAl,638,resigned,CH,2020-01-21,basic,10.0,30.0,2.0,C42,e7e5,g8f6,b8c6,f8c5,d7d6,e2e4,f1c4,g1f3,b1c3,d2d3,32,win,2020-04-29 12:10:02,1,1,12,2,99,42.0,9.0,619.0,68,2,1
4796175587,2020-05-01,12:49:23,638,0,saeid1212344,657,resigned,DE,2020-04-23,basic,25.0,32.0,1.0,A00,e2e3,g1f3,h2h3,b1c3,a2a3,e7e5,b8c6,d7d5,g8f6,c8f5,30,win,2020-05-01 12:49:23,1,1,12,4,8,58.0,10.0,628.0,69,1,1
4796291505,2020-05-01,13:21:50,645,1,mari7asan,565,resigned,TR,2020-04-20,basic,22.0,38.0,2.0,C23,e7e5,d8h4,h4e4,e4e2,f8c5,e2e4,f1c4,g2g3,d1e2,g1e2,17,win,2020-05-01 13:21:50,1,1,13,4,11,62.0,7.0,638.0,70,2,1
4796308573,2020-05-01,13:26:51,636,0,johnny013,601,win,BR,2018-06-29,basic,153.0,163.0,12.0,B01,e2e4,d1h5,h5d5,e4d5,b1c3,d7d5,g7g6,d8d5,g8f6,e7e5,46,resigned,2020-05-01 13:26:51,0,0,13,4,672,328.0,-9.0,645.0,71,3,2
4799497769,2020-05-02,05:26:49,642,1,Necronime,541,timeout,MA,2020-03-15,basic,184.0,184.0,11.0,B02,d7d5,g8f6,d5e4,d8d6,e7e6,e2e4,b1c3,g1f3,f3e5,d2d4,27,win,2020-05-02 05:26:49,1,1,5,5,48,379.0,6.0,636.0,72,1,1
4799540913,2020-05-02,05:45:28,634,0,KrackMonroe,639,win,US,2019-12-13,basic,286.0,322.0,14.0,D06,d2d4,c2c4,c1g5,g5h4,h4g3,d7d5,g8f6,h7h6,g7g5,b8c6,8,resigned,2020-05-02 05:45:28,0,0,5,5,141,622.0,-8.0,642.0,73,2,2
4799593435,2020-05-02,06:08:07,625,0,creative_jeFf,589,win,CH,2020-03-20,premium,42.0,39.0,9.0,D00,d2d4,d1d3,d3b5,b5c5,c5b4,d7d5,g8f6,c7c6,b8d7,a7a5,30,resigned,2020-05-02 06:08:07,0,0,6,5,43,90.0,-9.0,634.0,74,3,1
4800984516,2020-05-02,13:59:30,625,1,RL150,624,stalemate,GB,2018-06-01,basic,87.0,90.0,4.0,C26,e7e5,g8f6,d7d5,c7c6,e5e4,e2e4,f1c4,b1c3,e4d5,d1f3,51,stalemate,2020-05-02 13:59:30,0,2,13,5,701,181.0,0.0,625.0,75,4,1
4801106660,2020-05-02,14:32:15,632,0,bvuk,577,checkmated,BA,2017-11-13,basic,264.0,260.0,25.0,B01,e2e4,d2d3,g1f3,f3e5,e5c4,d7d5,d5d4,e7e5,f7f6,c7c5,71,win,2020-05-02 14:32:15,1,1,14,5,901,549.0,7.0,625.0,76,5,1
4801173946,2020-05-02,14:49:13,639,1,AIZ21,576,resigned,SA,2020-04-17,basic,10.0,21.0,0.0,B00,f7f6,g7g6,b8c6,c6e5,e7e6,e2e4,d2d4,g1f3,d4d5,b1c3,31,win,2020-05-02 14:49:13,1,1,14,5,15,31.0,7.0,632.0,77,6,2
4801224487,2020-05-02,15:02:19,631,0,Osama_Elshahat,666,win,EG,2020-02-29,basic,375.0,361.0,58.0,D00,e2e4,d2d4,b1c3,g2g3,f1b5,d7d5,d5e4,g8f6,b8c6,a7a6,31,resigned,2020-05-02 15:02:19,0,0,15,5,63,794.0,-8.0,639.0,78,7,1
4803955119,2020-05-03,04:59:08,622,1,amit2429,595,win,IL,2020-04-30,basic,58.0,77.0,5.0,D02,d7d5,b8c6,g8f6,e7e6,f8d6,d2d4,g1f3,b1c3,c1f4,e2e3,16,timeout,2020-05-03 04:59:08,0,0,4,6,3,140.0,-9.0,631.0,79,1,1
4808448954,2020-05-04,06:15:06,631,1,personbieng,659,checkmated,AU,2019-04-23,basic,239.0,250.0,11.0,A45,g8f6,g7g6,d7d6,f8g7,b8c6,d2d4,b1c3,e2e4,g1f3,c1f4,49,win,2020-05-04 06:15:06,1,1,6,0,377,500.0,9.0,622.0,80,1,1
4809459213,2020-05-04,12:37:55,620,1,vikashmsme19112001,497,win,IN,2019-07-12,basic,318.0,354.0,19.0,C24,e7e5,g8f6,g7g6,a7a6,c7c6,e2e4,f1c4,d2d3,g1f3,b1c3,44,resigned,2020-05-04 12:37:55,0,0,12,0,297,691.0,-11.0,631.0,81,2,1
4813074665,2020-05-05,07:36:31,612,1,haddabeetle,727,win,IN,2020-05-05,basic,1.0,2.0,0.0,C21,e7e5,f8e7,e7h4,g7g5,g5g4,d2d4,e2e4,b1c3,g1f3,g2g3,24,checkmated,2020-05-05 07:36:31,0,0,7,1,0,3.0,-8.0,620.0,82,1,1
4813103871,2020-05-05,07:48:42,622,0,le-law,666,resigned,ET,2016-07-30,basic,54.0,59.0,4.0,B01,e2e4,e4d5,b1c3,f1b5,b5e2,d7d5,d8d5,d5d4,c7c6,e7e5,21,win,2020-05-05 07:48:42,1,1,7,1,1375,117.0,10.0,612.0,83,2,2
4813362909,2020-05-05,09:30:30,629,1,sunnatakbarov,589,abandoned,ES,2016-11-17,basic,161.0,128.0,16.0,C00,e7e6,d8h4,b8c6,h4f6,f6g6,d2d4,e2e4,b1c3,g1f3,c1g5,22,win,2020-05-05 09:30:30,1,1,9,1,1265,305.0,7.0,622.0,84,3,1
4813397129,2020-05-05,09:43:05,637,0,Apocaotico,613,timeout,MX,2020-03-15,basic,101.0,100.0,6.0,A06,e2e4,g1f3,f3g5,g5e4,d2d3,d7d5,d5e4,f7f6,d8d4,c8f5,22,win,2020-05-05 09:43:05,1,1,9,1,51,207.0,8.0,629.0,85,4,2
4813474437,2020-05-05,10:11:33,648,0,umang0123,752,resigned,IN,2019-09-06,basic,184.0,184.0,13.0,A00,e2e4,f2f3,c2c4,c4d5,e4d5,d7d5,e7e5,g8f6,f6d5,d8d5,43,win,2020-05-05 10:11:33,1,1,10,1,242,381.0,11.0,637.0,86,5,1
4816855861,2020-05-06,02:35:30,641,0,GiornoJoestar,701,win,NP,2020-04-17,basic,115.0,158.0,7.0,B01,e2e4,e4d5,b1c3,f1c4,c3b5,d7d5,d8d5,d5c4,c8f5,b8c6,7,resigned,2020-05-06 02:35:30,0,0,2,2,19,280.0,-7.0,648.0,87,1,1
4816858266,2020-05-06,02:36:44,649,0,ROMILSON_NASCIMENTO,622,resigned,BR,2020-05-02,basic,18.0,34.0,1.0,D04,d2d4,e2e3,g1f3,f1d3,b1c3,d7d5,g8f6,b8c6,e7e6,f8d6,29,win,2020-05-06 02:36:44,1,1,2,2,4,53.0,8.0,641.0,88,2,2
4817176396,2020-05-06,04:55:17,657,1,hardikchheda,628,resigned,IN,2020-03-25,basic,162.0,167.0,19.0,A00,d7d5,b8c6,g8f6,c8f5,e7e6,d2d4,b1c3,g1f3,c1f4,e2e3,20,win,2020-05-06 04:55:17,1,1,4,2,42,348.0,8.0,649.0,89,3,1
4817196092,2020-05-06,05:04:25,647,1,Enriqueslp,575,win,MX,2020-02-12,basic,454.0,447.0,61.0,C20,e7e5,f8c5,d8e7,g8f6,d7d6,e2e4,f1c4,d1h5,g1f3,h5e5,27,resigned,2020-05-06 05:04:25,0,0,5,2,84,962.0,-10.0,657.0,90,4,1
4817835531,2020-05-06,09:31:50,656,1,andreabedendo,666,checkmated,IT,2020-03-30,basic,18.0,23.0,2.0,C24,e7e5,g8f6,f6e4,f8b4,b4a5,e2e4,f1c4,d2d4,d4e5,c2c3,17,win,2020-05-06 09:31:50,1,1,9,2,37,43.0,9.0,647.0,91,5,1
4817852349,2020-05-06,09:38:00,648,1,Cgcsm,661,win,ES,2017-05-03,basic,4030.0,4126.0,397.0,C21,e7e5,f7f6,d7d6,g7g6,f8g7,e2e4,d2d4,d4d5,f1c4,g1f3,36,resigned,2020-05-06 09:38:00,0,0,9,2,1099,8553.0,-8.0,656.0,92,6,2
4820881617,2020-05-06,23:45:33,656,0,fmarsilla,639,checkmated,US,2020-04-20,basic,131.0,170.0,10.0,D00,d2d4,e2e3,f2f3,f1b5,b5c6,d7d5,g8f6,b8c6,a7a6,b7c6,39,win,2020-05-06 23:45:33,1,1,23,2,16,311.0,8.0,648.0,93,7,1
4820980242,2020-05-07,00:22:48,666,0,Karimi07,742,checkmated,CL,2019-04-24,basic,84.0,77.0,9.0,B02,e2e4,b1c3,e4e5,d1f3,f3c3,d7d5,g8f6,f6e4,e4c3,d5d4,22,win,2020-05-07 00:22:48,1,1,0,3,379,170.0,10.0,656.0,94,1,1
4820999349,2020-05-07,00:30:25,659,1,Samra1188,699,win,US,2020-03-25,basic,324.0,330.0,17.0,C21,e7e5,d8f6,f8b4,b4a5,a5b6,e2e4,d2d4,f2f3,c2c3,b2b4,39,timeout,2020-05-07 00:30:25,0,0,0,3,43,671.0,-7.0,666.0,95,2,2
4821043928,2020-05-07,00:48:01,648,1,nivogoberna,546,win,AR,2019-12-07,premium,85.0,113.0,8.0,C00,e7e6,g8f6,f6g4,d7d5,d5e4,d2d4,e2e4,b1c3,g1f3,h2h3,24,checkmated,2020-05-07 00:48:01,0,0,0,3,152,206.0,-11.0,659.0,96,3,3
4821061977,2020-05-07,00:55:12,659,0,Abelex,752,checkmated,MX,2020-04-14,basic,13.0,35.0,1.0,A00,h2h4,g2g3,g1f3,f1g2,e1g1,d7d5,e7e5,b8c6,g8f6,c8f5,21,win,2020-05-07 00:55:12,1,1,0,3,23,49.0,11.0,648.0,97,4,4
4821082709,2020-05-07,01:03:17,648,0,marcw82,549,win,US,2020-04-17,basic,127.0,133.0,18.0,B01,e2e4,g1h3,d1f3,d2d4,d4e5,d7d5,e7e5,g8f6,b8c6,c6e5,32,checkmated,2020-05-07 01:03:17,0,0,1,3,20,278.0,-11.0,659.0,98,5,1
4821113213,2020-05-07,01:15:20,658,1,alexjfalco,734,timeout,US,2019-08-09,basic,669.0,564.0,47.0,A00,d7d5,e7e5,b8c6,f8d6,a7a6,e2e4,f2f3,d2d4,g1e2,b1c3,36,win,2020-05-07 01:15:20,1,1,1,3,272,1280.0,10.0,648.0,99,6,2
4821162815,2020-05-07,01:35:11,651,0,kike038,712,win,PE,2020-04-12,basic,354.0,356.0,35.0,B10,e2e4,b1c3,g2g3,f1g2,b2b4,d7d5,c7c6,g8f6,e7e5,f8b4,18,abandoned,2020-05-07 01:35:11,0,2,1,3,25,745.0,-7.0,658.0,100,7,3
4822021217,2020-05-07,07:43:45,660,0,QuantaD06,685,timeout,IN,2020-04-29,basic,13.0,29.0,0.0,A06,g1f3,e2e4,f3g5,f1c4,g5f7,d7d5,d5e4,f7f5,g8f6,d8d4,27,win,2020-05-07 07:43:45,1,1,7,3,8,42.0,9.0,651.0,101,8,1
4822106221,2020-05-07,08:27:10,668,0,russellsowinski,656,resigned,GB,2020-04-13,basic,565.0,562.0,37.0,D00,e2e4,d2d4,g1h3,f1c4,h3g5,d7d5,d5e4,b8c6,c6d4,f7f6,48,win,2020-05-07 08:27:10,1,1,8,3,24,1164.0,8.0,660.0,102,9,1
4822141163,2020-05-07,08:41:48,677,1,Shawn2310,694,resigned,IN,2019-05-14,basic,56.0,45.0,7.0,B00,b8c6,e7e6,g8f6,f8b4,b4a5,e2e4,d2d4,b1c3,g1f3,a2a3,27,win,2020-05-07 08:41:48,1,1,8,3,359,108.0,9.0,668.0,103,10,2
4826215620,2020-05-08,06:01:58,669,1,wonglawrence,682,win,MY,2019-11-15,basic,241.0,234.0,16.0,C15,e7e6,d7d5,f8b4,b4c3,g8f6,e2e4,d2d4,b1c3,a2a3,b2c3,50,resigned,2020-05-08 06:01:58,0,0,6,4,175,491.0,-8.0,677.0,104,1,1
4826260813,2020-05-08,06:22:31,669,0,ninadtirlotkar,650,stalemate,IN,2020-03-26,basic,101.0,97.0,12.0,A07,g2g3,g1f3,f1g2,e1g1,b1c3,d7d5,b8c6,e7e5,g8f6,f8c5,64,stalemate,2020-05-08 06:22:31,0,2,6,4,43,210.0,0.0,669.0,105,2,2
4826301353,2020-05-08,06:39:38,678,1,dario91taxxx,688,checkmated,IT,2020-03-27,basic,159.0,191.0,44.0,B06,g7g6,h7h5,f7f6,g6g5,e7e6,e2e4,d2d4,b1c3,g1f3,f1c4,41,win,2020-05-08 06:39:38,1,1,6,4,42,394.0,9.0,669.0,106,3,3
4826343260,2020-05-08,06:57:31,686,1,Nihan_Mahmud,670,resigned,BD,2019-02-15,basic,207.0,257.0,15.0,B21,c7c5,d7d6,g8f6,g7g6,a7a6,e2e4,d2d4,b1c3,g1f3,c1f4,43,win,2020-05-08 06:57:31,1,1,6,4,448,479.0,8.0,678.0,107,4,4
4826719182,2020-05-08,09:27:06,685,0,khanizmmm,608,checkmated,TR,2020-05-06,basic,32.0,37.0,2.0,A10,c2c4,d1a4,c4d5,d5c6,g2g4,d7d5,c7c6,c8d7,b7c6,c6c5,22,win,2020-05-08 09:27:06,1,1,9,4,2,71.0,-1.0,686.0,108,5,1
4826737872,2020-05-08,09:34:04,676,1,Chaturvedi7007,679,win,IN,2018-11-01,basic,42.0,64.0,0.0,C00,e7e6,d8e7,g7g6,f8g7,b7b6,e2e4,d2d4,f1c4,b1c3,g1f3,17,checkmated,2020-05-08 09:34:04,0,0,9,4,554,106.0,-9.0,685.0,109,6,2
4826766548,2020-05-08,09:44:42,669,0,siddhrthrathi,713,win,IN,2020-04-18,basic,161.0,158.0,26.0,D00,e2e4,d2d4,b1d2,c2c3,f1e2,d7d5,d5e4,f7f5,b8c6,e7e5,32,checkmated,2020-05-08 09:44:42,0,0,9,4,20,345.0,-7.0,676.0,110,7,3
4826851819,2020-05-08,10:14:32,661,0,itsdkay,687,win,US,2019-11-30,premium,188.0,218.0,36.0,A01,b2b3,c1b2,e2e3,f1b5,b5c6,d7d5,b8c6,e7e5,c8d7,d7c6,23,resigned,2020-05-08 10:14:32,0,0,10,4,160,442.0,-8.0,669.0,111,8,1
4827595674,2020-05-08,14:06:38,669,1,paulsafe,657,resigned,ES,2020-03-20,basic,27.0,23.0,0.0,C22,e7e5,e5d4,b8c6,g8f6,d7d6,e2e4,d2d4,d1d4,d4c4,b1c3,25,win,2020-05-08 14:06:38,1,1,14,4,49,50.0,8.0,661.0,112,9,1
4830601632,2020-05-09,05:23:26,669,1,kuba01,669,insufficient,US,2018-12-17,basic,1114.0,1196.0,173.0,B00,e7e5,b8c6,e5d4,c6d4,g8f6,e2e4,d2d4,g1f3,f3d4,d1d4,55,insufficient,2020-05-09 05:23:26,0,2,5,5,509,2483.0,0.0,669.0,113,1,1
4830642620,2020-05-09,05:41:21,661,0,hkreddy2305,678,win,IN,2020-04-18,basic,78.0,80.0,5.0,D00,e2e3,d2d4,g1f3,b1c3,c3b5,d7d5,b8c6,e7e5,f8d6,d6b4,35,checkmated,2020-05-09 05:41:21,0,0,5,5,21,163.0,-8.0,669.0,114,2,2
4830683532,2020-05-09,05:58:28,653,0,apadillaflorez,649,win,US,2020-02-28,basic,128.0,115.0,15.0,B02,e2e4,b1c3,g1f3,f3g5,g5h3,d7d5,g8f6,d5e4,h7h6,c8g4,21,checkmated,2020-05-09 05:58:28,0,0,5,5,71,258.0,-8.0,661.0,115,3,3
4831068567,2020-05-09,08:33:38,662,1,advikdudani,669,checkmated,IN,2020-04-03,basic,56.0,50.0,6.0,C22,e7e5,e5d4,b8c6,c6b4,b4c2,e2e4,d2d4,d1d4,d4d3,d3f3,8,win,2020-05-09 08:33:38,1,1,8,5,36,112.0,9.0,653.0,116,4,1
4831072604,2020-05-09,08:35:12,653,0,maftac,625,win,IT,2019-04-20,basic,107.0,101.0,6.0,D00,d2d4,e2e3,b2b3,c2c4,b1c3,d7d5,g8f6,b8c6,e7e6,f8b4,35,resigned,2020-05-09 08:35:12,0,0,8,5,385,214.0,-9.0,662.0,117,5,2
4831101748,2020-05-09,08:46:03,661,1,hashir0,665,checkmated,AE,2020-04-22,basic,109.0,103.0,20.0,C21,e7e5,d8f6,e5d4,f8c5,g8h6,d2d4,e2e4,g1f3,f3d4,c2c3,17,win,2020-05-09 08:46:03,1,1,8,5,17,232.0,8.0,653.0,118,6,3
4831580918,2020-05-09,11:29:56,652,1,95Den95,624,win,IT,2020-03-27,basic,128.0,116.0,26.0,C22,e7e5,e5d4,b8c6,g8f6,c6d4,e2e4,d2d4,d1d4,d4d5,d5f5,56,timeout,2020-05-09 11:29:56,0,0,11,5,43,270.0,-9.0,661.0,119,7,1
4831643644,2020-05-09,11:50:01,644,1,pierrejeudy,666,win,FR,2020-03-26,basic,215.0,231.0,24.0,C22,e7e5,e5d4,b8c6,g8f6,d7d5,e2e4,d2d4,d1d4,d4e3,e3f3,55,checkmated,2020-05-09 11:50:01,0,0,11,5,44,470.0,-8.0,652.0,120,8,2
4832247072,2020-05-09,14:41:32,653,0,AntonioReal,683,timeout,ES,2020-02-12,basic,540.0,557.0,29.0,B01,e2e4,e4e5,f1c4,d1f3,g1h3,d7d5,d5d4,c8f5,g7g6,b8c6,29,win,2020-05-09 14:41:32,1,1,14,5,87,1126.0,9.0,644.0,121,9,1
4832311493,2020-05-09,14:57:43,661,0,DaltonDoubleDeuce,630,resigned,US,2019-12-07,basic,382.0,391.0,37.0,D20,d2d4,c2c4,e2e4,e4e5,f1c4,d7d5,d5c4,g8f6,f6e4,b8c6,27,win,2020-05-09 14:57:43,1,1,14,5,154,810.0,8.0,653.0,122,10,2
4835049738,2020-05-10,04:40:17,654,1,senkumar2410,697,win,US,2015-01-24,basic,517.0,548.0,30.0,C22,e7e5,e5d4,b8c6,g8f6,f8b4,e2e4,d2d4,d1d4,d4c3,f2f3,15,abandoned,2020-05-10 04:40:17,0,2,4,6,1933,1095.0,-7.0,661.0,123,1,1
4835133421,2020-05-10,05:17:16,662,0,hnvgjkvcyi,658,checkmated,US,2020-05-03,basic,131.0,114.0,14.0,B01,e2e4,e4d5,d1f3,f3d5,f1c4,d7d5,d8d5,g8f6,f6d5,e7e6,31,win,2020-05-10 05:17:16,1,1,5,6,7,259.0,8.0,654.0,124,2,1
4835163322,2020-05-10,05:29:47,669,0,noraizjoyia,607,resigned,PK,2016-08-18,basic,139.0,166.0,13.0,D00,e2e3,d2d4,b1c3,f2f4,d1d4,d7d5,b8c6,e7e5,e5d4,c6d4,12,win,2020-05-10 05:29:47,1,1,5,6,1361,318.0,7.0,662.0,125,3,2
4835179609,2020-05-10,05:36:27,677,0,Bernt56,649,resigned,SE,2020-01-02,premium,2268.0,2281.0,75.0,B02,e2e4,b1c3,e4e5,c3e4,d2d3,d7d5,g8f6,f6e4,d5e4,f7f5,13,win,2020-05-10 05:36:27,1,1,5,6,129,4624.0,8.0,669.0,126,4,3
4835195456,2020-05-10,05:43:02,686,1,Sandeepp99,700,resigned,IN,2017-04-21,basic,797.0,804.0,53.0,D02,d7d5,h7h6,g8f6,b8c6,a7a6,d2d4,g1f3,b1c3,c1f4,e2e3,11,win,2020-05-10 05:43:02,1,1,5,6,1115,1654.0,9.0,677.0,127,5,4
4835205212,2020-05-10,05:47:04,695,0,GRock6767,724,resigned,US,2020-05-05,basic,33.0,56.0,1.0,B01,e2e4,d1h5,h5e5,e5g3,d2d3,d7d5,g7g6,f7f6,f6f5,f5e4,18,win,2020-05-10 05:47:04,1,1,5,6,5,90.0,9.0,686.0,128,6,5
4835225316,2020-05-10,05:55:41,702,1,Nevrwins,663,checkmated,CA,2020-04-27,basic,39.0,58.0,4.0,D02,d7d5,c7c5,f7f6,e7e5,f8c5,d2d4,g1f3,d4c5,b1c3,c3d5,51,win,2020-05-10 05:55:41,1,1,5,6,13,101.0,7.0,695.0,129,7,6
4835358576,2020-05-10,06:49:09,710,1,kumarkmr,695,checkmated,IN,2020-04-01,basic,268.0,271.0,33.0,B00,e7e5,b8c6,c6b4,b4a6,c7c6,e2e4,d2d4,d4d5,c2c3,g1f3,8,win,2020-05-10 06:49:09,1,1,6,6,39,572.0,8.0,702.0,130,8,1
4835363554,2020-05-10,06:51:08,710,1,chino31559,718,repetition,US,2020-04-10,basic,292.0,312.0,8.0,B07,e7e5,d7d6,c7c6,c6c5,c8d7,e2e4,d2d4,d4d5,b1c3,f1b5,36,repetition,2020-05-10 06:51:08,0,2,6,6,30,612.0,0.0,710.0,131,9,2
4835390090,2020-05-10,07:01:32,718,1,mahiGowda,703,checkmated,IN,2020-04-03,basic,124.0,105.0,20.0,C21,e7e5,d7d5,e5d4,d5e4,f8e7,e2e4,d2d4,b1c3,d1d4,d4e4,24,win,2020-05-10 07:01:32,1,1,7,6,37,249.0,8.0,710.0,132,10,1
4835423039,2020-05-10,07:14:31,726,0,IAM_Cheesy,704,timeout,ZA,2019-10-26,basic,170.0,184.0,6.0,D00,d2d4,b2b3,c1b2,e2e3,d4e5,d7d5,g8f6,b8c6,e7e5,c6e5,51,win,2020-05-10 07:14:31,1,1,7,6,197,360.0,8.0,718.0,133,11,2
4835630530,2020-05-10,08:32:18,717,0,sarvesh9,691,win,IN,2012-12-08,basic,246.0,251.0,37.0,A00,e2e3,d1f3,c2c4,f1c4,b2b3,d7d5,e7e5,d5c4,c8e6,d8d4,25,resigned,2020-05-10 08:32:18,0,0,8,6,2710,534.0,-9.0,726.0,134,12,1
4835667212,2020-05-10,08:45:37,709,1,amit_hope,711,win,IN,2020-04-07,basic,68.0,93.0,3.0,D02,d7d5,e7e6,g7g6,g8e7,f8g7,d2d4,g1f3,b1c3,e2e4,c1f4,15,abandoned,2020-05-10 08:45:37,0,2,8,6,33,164.0,-8.0,717.0,135,13,2
4836126475,2020-05-10,11:18:16,701,0,samarthng,703,win,IN,2018-09-13,basic,534.0,531.0,57.0,A00,e2e3,c2c4,c4d5,b1c3,c3b5,d7d5,e7e5,d8d5,d5d6,d6c6,10,resigned,2020-05-10 11:18:16,0,0,11,6,605,1122.0,-8.0,709.0,136,14,1
4836133617,2020-05-10,11:20:28,710,1,lareinejoue,718,resigned,FR,2018-11-11,basic,1025.0,1053.0,62.0,C01,e7e6,g8f6,f6e4,d7d5,c7c6,e2e4,d2d4,e4e5,f1d3,d3b5,14,win,2020-05-10 11:20:28,1,1,11,6,546,2140.0,9.0,701.0,137,15,2
4836154274,2020-05-10,11:27:03,703,0,rajetiuttam,744,win,AU,2012-11-24,basic,144.0,147.0,5.0,A00,d2d4,b1c3,f2f3,e2e4,c3d5,d7d5,b8c6,e7e5,e5d4,f7f5,25,resigned,2020-05-10 11:27:03,0,0,11,6,2724,296.0,-7.0,710.0,138,16,3
4836184754,2020-05-10,11:36:51,712,0,vivek_7675,723,checkmated,IN,2018-03-04,basic,327.0,324.0,39.0,B01,e2e4,d2d3,f2f4,c2c4,d3e4,d7d5,e7e5,b8c6,d5e4,c6d4,27,win,2020-05-10 11:36:51,1,1,11,6,798,690.0,9.0,703.0,139,17,4
4836710772,2020-05-10,14:03:44,720,0,fjp500,690,checkmated,AR,2019-07-11,basic,257.0,262.0,10.0,D00,d2d4,b1c3,g1f3,f3e5,c3e4,d7d5,g8f6,f6e4,f7f6,d5e4,16,win,2020-05-10 14:03:44,1,1,14,6,304,529.0,8.0,712.0,140,18,1
4836731369,2020-05-10,14:09:38,712,1,Utk2,726,win,IN,2020-03-31,basic,163.0,93.0,24.0,C10,e7e6,d7d5,d5e4,e6e5,d8d1,e2e4,d2d4,b1c3,c3e4,d4e5,53,resigned,2020-05-10 14:09:38,0,0,14,6,40,280.0,-8.0,720.0,141,19,2
4836785802,2020-05-10,14:22:59,721,1,lucaforlani,726,resigned,IT,2020-03-21,basic,361.0,344.0,33.0,B02,g8f6,d7d5,d5d4,c7c6,e7f6,e2e4,b1c3,d1f3,c3d5,d5f6,28,win,2020-05-10 14:22:59,1,1,14,6,50,738.0,9.0,712.0,142,20,3
4836945661,2020-05-10,15:03:58,722,0,addycs,754,timevsinsufficient,IN,2020-04-03,basic,255.0,262.0,19.0,B02,e2e4,b1c3,d2d3,g1f3,d3d4,d7d5,g8f6,e7e5,b8c6,f8b4,73,timevsinsufficient,2020-05-10 15:03:58,0,2,15,6,37,536.0,1.0,721.0,143,21,1
4839030184,2020-05-11,00:09:18,730,1,KitChenoweth,733,resigned,AU,2020-03-21,basic,296.0,327.0,21.0,B00,b8c6,e7e6,g8f6,f8b4,b4a5,e2e4,d2d4,g1f3,b1c3,a2a3,29,win,2020-05-11 00:09:18,1,1,0,0,51,644.0,8.0,722.0,144,1,1
4839054708,2020-05-11,00:18:48,723,0,kmbo2005,782,win,LY,2016-03-28,basic,783.0,746.0,114.0,D00,b1c3,d2d4,c1g5,g5f6,e2e3,d7d5,g8f6,h7h6,g7f6,e7e5,37,resigned,2020-05-11 00:18:48,0,0,0,0,1505,1643.0,-7.0,730.0,145,2,2
4839073076,2020-05-11,00:25:49,714,1,ctheos,692,win,US,2020-03-05,basic,66.0,68.0,4.0,B07,e7e5,d7d6,b8c6,g8f6,c8e6,e2e4,d2d4,b1c3,g1f3,f1b5,41,resigned,2020-05-11 00:25:49,0,0,0,0,67,138.0,-9.0,723.0,146,3,3
4839104849,2020-05-11,00:38:17,723,0,Stella04,751,checkmated,GB,2016-01-13,basic,979.0,1005.0,142.0,D00,d2d4,d1d3,e2e3,d4e5,d3d4,d7d5,b8c6,e7e5,c6e5,d8d6,51,win,2020-05-11 00:38:17,1,1,0,0,1580,2126.0,9.0,714.0,147,4,4
4839142402,2020-05-11,00:53:04,731,1,EduAba89,725,checkmated,MX,2020-04-26,basic,135.0,187.0,9.0,C21,e7e5,c7c5,f8c5,d8f6,f6c6,e2e4,d2d4,d4c5,d1d5,d5c5,42,win,2020-05-11 00:53:04,1,1,0,0,15,331.0,8.0,723.0,148,5,5
4841236843,2020-05-11,14:05:38,723,0,JBG223,750,win,CA,2018-02-27,basic,6632.0,6690.0,777.0,B01,e2e4,e4d5,b1c3,f1e2,c3b5,d7d5,d8d5,d5d6,b8c6,d6c5,17,abandoned,2020-05-11 14:05:38,0,2,14,0,804,14099.0,-8.0,731.0,149,6,1
4841347776,2020-05-11,14:35:26,723,1,r4nn22,717,stalemate,GB,2020-03-11,basic,143.0,147.0,16.0,C21,e7e5,f7f6,f8d6,c7c6,c6d5,e2e4,d2d4,d4d5,g1f3,b1c3,52,stalemate,2020-05-11 14:35:26,0,2,14,0,61,306.0,0.0,723.0,150,7,2
4844723065,2020-05-12,08:05:27,714,1,Vell9,708,win,UA,2020-03-30,basic,158.0,142.0,33.0,C01,e7e6,g8f6,d8e7,f6g4,g4h6,e2e4,d2d4,b1c3,g1f3,h2h3,56,checkmated,2020-05-12 08:05:27,0,0,8,1,43,333.0,-9.0,723.0,151,1,1
4844753365,2020-05-12,08:17:37,721,0,sabz333,665,timeout,IN,2020-04-05,basic,115.0,121.0,6.0,B01,e2e4,e4d5,c2c4,g1f3,d1e2,d7d5,d8d5,d5d4,d4e4,e4c6,44,win,2020-05-12 08:17:37,1,1,8,1,37,242.0,7.0,714.0,152,2,2
4844804917,2020-05-12,08:37:09,729,0,tefanhaetami,730,checkmated,ID,2019-12-08,basic,537.0,500.0,16.0,B01,e2e4,f1d3,g1f3,e1g1,f1e1,d7d5,e7e5,b8c6,g8f6,f8c5,29,win,2020-05-12 08:37:09,1,1,8,1,156,1053.0,8.0,721.0,153,3,3
4845433502,2020-05-12,12:10:57,728,1,karoldaniel1,689,stalemate,PL,2017-04-25,basic,523.0,511.0,64.0,C21,e7e5,e5d4,d7d6,b8c6,c6e5,e2e4,d2d4,d1d4,e4e5,d4e3,68,stalemate,2020-05-12 12:10:57,0,2,12,1,1113,1098.0,-1.0,729.0,154,4,1
4845508718,2020-05-12,12:33:22,720,0,RoyalGuide,728,win,PH,2020-04-14,basic,151.0,146.0,5.0,B01,e2e4,e4e5,d2d4,g1f3,g2g3,d7d5,e7e6,b8c6,f7f6,f6e5,36,checkmated,2020-05-12 12:33:22,0,0,12,1,28,302.0,-8.0,728.0,155,5,2
4845530943,2020-05-12,12:40:17,719,0,Ah_taha1,689,stalemate,MY,2020-04-09,basic,242.0,235.0,20.0,D00,d2d4,e2e3,b1c3,g1f3,d4e5,d7d5,b8c6,e7e5,g8f6,f6e4,48,stalemate,2020-05-12 12:40:17,0,2,12,1,33,497.0,-1.0,720.0,156,6,3
4845569167,2020-05-12,12:50:51,711,1,Dafala,748,win,FI,2018-02-27,basic,443.0,460.0,16.0,C21,e7e5,d8e7,b8c6,e5d4,c6d4,e2e4,d2d4,f1c4,g1f3,f3d4,33,resigned,2020-05-12 12:50:51,0,0,12,1,805,919.0,-8.0,719.0,157,7,4
4848321584,2020-05-13,00:55:37,702,1,Parellanov,678,win,MX,2019-09-14,basic,177.0,165.0,33.0,B00,e7e5,b8c6,c6d4,e5d4,c7c6,e2e4,d2d4,g1f3,f3d4,d1d4,22,resigned,2020-05-13 00:55:37,0,0,0,2,242,375.0,-9.0,711.0,158,1,1
4848340645,2020-05-13,01:02:51,710,1,TisaraSamarasuriya,713,resigned,LK,2020-03-06,basic,190.0,179.0,11.0,B02,g8f6,g7g6,f6h5,h5g7,e7e6,e2e4,b1c3,d2d4,g1f3,f1c4,16,win,2020-05-13 01:02:51,1,1,1,2,68,380.0,8.0,702.0,159,2,1
4848350643,2020-05-13,01:06:30,710,0,King_N8,723,stalemate,US,2018-07-17,premium,282.0,274.0,42.0,D00,d2d4,c1f4,e2e3,f1d3,g1f3,d7d5,g8f6,b8c6,c8g4,e7e6,49,stalemate,2020-05-13 01:06:30,0,2,1,2,666,598.0,0.0,710.0,160,3,2
4848374816,2020-05-13,01:15:54,710,0,PenguinM1,722,agreed,US,2019-07-15,basic,134.0,108.0,33.0,B02,e2e4,b1c3,c3d5,f1c4,d2d3,d7d5,g8f6,f6e4,c8e6,e6d5,54,agreed,2020-05-13 01:15:54,0,2,1,2,303,275.0,0.0,710.0,161,4,3
4848414864,2020-05-13,01:31:26,702,1,cdelkin,734,win,US,2020-05-10,basic,44.0,68.0,2.0,B00,g8f6,b8c6,d7d5,d5e4,f6e4,e2e4,b1c3,d2d4,g1f3,c3e4,34,resigned,2020-05-13 01:31:26,0,0,1,2,3,114.0,-8.0,710.0,162,5,4
4848445663,2020-05-13,01:43:52,710,1,AjaySahiteya,679,checkmated,IN,2020-04-26,basic,81.0,78.0,2.0,B07,e7e5,d7d6,f7f6,g7g5,c7c6,e2e4,d2d4,g1f3,b1c3,g2g4,63,win,2020-05-13 01:43:52,1,1,1,2,17,161.0,8.0,702.0,163,6,5
4848477594,2020-05-13,01:56:13,702,0,RohitBhaskar,731,win,SG,2020-04-06,basic,364.0,352.0,49.0,B02,e2e4,b1c3,e4e5,d2d3,b2c3,d7d5,g8f6,f6e4,e4c3,b8c6,12,abandoned,2020-05-13 01:56:13,0,2,1,2,37,765.0,-8.0,710.0,164,7,6
4848967402,2020-05-13,05:20:42,710,0,vijaydhatrak,674,resigned,IN,2015-12-31,basic,292.0,305.0,39.0,A00,e2e4,f2f3,d2d4,e4d5,d4e5,d7d5,e7e5,b8c6,d8d5,d5e5,21,win,2020-05-13 05:20:42,1,1,5,2,1595,636.0,8.0,702.0,165,8,1
4848979391,2020-05-13,05:25:56,718,0,m16h,713,checkmated,IN,2020-05-08,basic,32.0,41.0,1.0,D00,e2e4,d2d4,b1c3,f2f3,g2f3,d7d5,d5e4,g8f6,e4f3,b8c6,38,win,2020-05-13 05:25:56,1,1,5,2,5,74.0,8.0,710.0,166,9,2
4849014655,2020-05-13,05:41:32,710,1,PakhomovAleksandr,726,win,RU,2020-04-16,basic,175.0,141.0,11.0,C10,b8c6,d7d5,e7e6,f8b4,b4c3,e2e4,d2d4,b1c3,c1f4,a2a3,39,checkmated,2020-05-13 05:41:32,0,0,5,2,27,327.0,-8.0,718.0,167,10,3
4849461620,2020-05-13,09:08:45,702,0,deepesh1905,732,win,IN,2020-04-26,basic,28.0,48.0,4.0,B01,e2e4,e4d5,b1c3,f1e2,e2f3,d7d5,d8d5,d5c6,c6g2,g2g6,25,checkmated,2020-05-13 09:08:45,0,0,9,2,17,80.0,-8.0,710.0,168,11,1
4849494854,2020-05-13,09:20:54,695,1,SQK2,759,win,FR,2019-02-11,basic,101.0,130.0,8.0,B00,e7e5,b8c6,f8b4,b4d6,c6e7,e2e4,d2d4,g1f3,c2c3,d4d5,40,checkmated,2020-05-13 09:20:54,0,0,9,2,457,239.0,-7.0,702.0,169,12,2
4850034480,2020-05-13,12:18:58,687,1,kizon123,708,win,PL,2018-03-20,premium,100.0,95.0,3.0,C22,e7e5,e5d4,b8c6,d7d6,g8f6,e2e4,d2d4,d1d4,d4c3,g1f3,16,resigned,2020-05-13 12:18:58,0,0,12,2,785,198.0,-8.0,695.0,170,13,1
4850048930,2020-05-13,12:23:39,679,1,ROGTHUNDER,706,win,IN,2020-05-01,basic,46.0,62.0,3.0,B07,e7e5,d7d6,b8c6,g8f6,f6e4,e2e4,d2d4,g1f3,b1c3,c3d5,20,resigned,2020-05-13 12:23:39,0,0,12,2,12,111.0,-8.0,687.0,171,14,2
4850076519,2020-05-13,12:31:33,686,0,Nikilesh1,632,abandoned,IN,2020-02-10,premium,4.0,13.0,2.0,A00,e2e4,f2f3,e4d5,b1c3,d1e2,d7d5,e7e5,d8d5,d5d4,f8c5,10,win,2020-05-13 12:31:33,1,1,12,2,93,19.0,7.0,679.0,172,15,3
4850092941,2020-05-13,12:36:30,678,1,briss71,673,win,FR,2020-04-16,basic,80.0,100.0,5.0,B01,d7d5,d5d4,c8e6,e6d5,d8d5,e2e4,b1c3,c3d5,g1f3,e4d5,17,abandoned,2020-05-13 12:36:30,0,2,12,2,27,185.0,-8.0,686.0,173,16,4
4853586892,2020-05-14,05:58:01,669,1,olepp,662,win,NO,2020-02-11,basic,508.0,526.0,24.0,B02,g8f6,d7d5,d5e4,f6e4,e7e6,e2e4,b1c3,f1d3,c3e4,d3e4,21,checkmated,2020-05-14 05:58:01,0,0,5,3,93,1058.0,-9.0,678.0,174,1,1
4857850631,2020-05-15,03:25:44,662,0,SkyOne,698,win,BR,2011-04-04,basic,585.0,589.0,42.0,A06,g1f3,c2c3,f3e5,e5f3,f3d4,d7d5,e7e5,f7f6,b8c6,c6d4,43,checkmated,2020-05-15 03:25:44,0,0,3,4,3329,1216.0,-7.0,669.0,175,1,1
4858413884,2020-05-15,07:22:07,669,0,JimForse,624,checkmated,BY,2020-03-26,basic,183.0,166.0,32.0,A00,e2e3,d1h5,f1b5,h5e2,b5c6,e7e5,b8c6,g7g6,a7a6,d7c6,49,win,2020-05-15 07:22:07,1,1,7,4,50,381.0,7.0,662.0,176,2,1
4858602155,2020-05-15,08:48:51,669,0,Siano90,663,insufficient,IT,2020-04-27,basic,122.0,154.0,18.0,B01,e2e4,e4e5,g1f3,f1b5,b5a4,d7d5,e7e6,b8c6,a7a6,b7b5,61,insufficient,2020-05-15 08:48:51,0,2,8,4,18,294.0,0.0,669.0,177,3,1
4859241118,2020-05-15,12:22:06,676,1,KozyDKB,619,checkmated,PT,2020-05-12,basic,51.0,69.0,16.0,B02,g8f6,c7c5,b8a6,c5d4,a6c5,e2e4,b1c3,d2d4,g1f3,f3d4,22,win,2020-05-15 12:22:06,1,1,12,4,3,136.0,7.0,669.0,178,4,1
4859270855,2020-05-15,12:31:00,685,0,XavierM10,708,resigned,US,2019-09-30,premium,686.0,675.0,75.0,B01,e2e4,e4d5,b1c3,c3e4,e4f6,d7d5,d8d5,d5a5,g8f6,g7f6,37,win,2020-05-15 12:31:00,1,1,12,4,228,1436.0,9.0,676.0,179,5,2
4859309618,2020-05-15,12:42:31,692,0,NikP697,592,checkmated,GB,2020-05-15,basic,15.0,29.0,7.0,A10,c2c4,c4d5,d1a4,a4b4,b4b5,d7d5,d8d5,b7b5,c7c5,c8d7,42,win,2020-05-15 12:42:31,1,1,12,4,0,51.0,7.0,685.0,180,6,3
4863731627,2020-05-16,12:03:59,683,1,globalmyrik,706,win,UA,2020-05-15,basic,4.0,10.0,0.0,C21,e7e5,e5d4,d7d6,b8c6,c6b4,e2e4,d2d4,d1d4,g1f3,d4d1,8,abandoned,2020-05-16 12:03:59,0,2,12,5,1,14.0,-9.0,692.0,181,1,1
4867868910,2020-05-17,09:36:35,691,1,missangry09,587,resigned,IN,2020-05-15,basic,0.0,7.0,0.0,B02,g8f6,f6g4,h8g8,c7c5,c5d4,e2e4,b1c3,f2f3,f3g4,d2d4,16,win,2020-05-17 09:36:35,1,1,9,6,2,7.0,8.0,683.0,182,1,1
4867890217,2020-05-17,09:43:30,699,1,Liptionne,650,resigned,FR,2018-08-22,basic,5.0,10.0,2.0,C22,e7e5,e5d4,b8c6,c6b4,c7c6,e2e4,d2d4,d1d4,d4d5,d5b3,23,win,2020-05-17 09:43:30,1,1,9,6,634,17.0,8.0,691.0,183,2,2
4867925406,2020-05-17,09:55:48,708,0,sagar_11,668,checkmated,IN,2017-08-02,basic,27.0,30.0,7.0,A07,g2g3,g1f3,f1g2,h1g1,f3e5,d7d5,b8c6,e7e5,g8f6,c6e5,38,win,2020-05-17 09:55:48,1,1,9,6,1019,64.0,9.0,699.0,184,3,3
4867975452,2020-05-17,10:12:11,701,1,ricardocet,745,win,IE,2020-04-24,basic,207.0,190.0,27.0,B00,e7e5,b8c6,e5d4,c6d4,d8f6,e2e4,d2d4,g1f3,f3d4,d1d4,44,resigned,2020-05-17 10:12:11,0,0,10,6,23,424.0,-7.0,708.0,185,4,1
4868109317,2020-05-17,10:55:53,692,0,noob_at_laegre,667,win,IN,2020-05-04,basic,270.0,256.0,35.0,D00,e2e4,d2d4,d4d5,f1c4,d5c6,d7d5,d5e4,e7e6,c7c6,b8c6,39,resigned,2020-05-17 10:55:53,0,0,10,6,13,561.0,-9.0,701.0,186,5,2
4868168641,2020-05-17,11:14:13,685,0,Peusek,726,win,XC,2019-10-09,basic,1088.0,1068.0,88.0,B01,e2e4,d1h5,f1c4,h5e5,e5d5,d7d5,d5e4,g7g6,f7f6,c7c6,22,abandoned,2020-05-17 11:14:13,0,2,11,6,221,2244.0,-7.0,692.0,187,6,1
4868606746,2020-05-17,13:23:10,692,0,calaha717,632,resigned,US,2015-11-08,basic,119.0,106.0,5.0,B02,e2e4,b1c3,d2d3,c3d5,e4d5,d7d5,g8f6,d5d4,f6d5,d8d5,44,win,2020-05-17 13:23:10,1,1,13,6,1652,230.0,7.0,685.0,188,7,1
4868675281,2020-05-17,13:41:44,699,1,ggpdc,650,resigned,IT,2020-02-06,basic,46.0,45.0,8.0,B00,e7e5,b8c6,f8b4,b4d6,g8f6,e2e4,d2d4,g1f3,c2c3,f1c4,31,win,2020-05-17 13:41:44,1,1,13,6,101,99.0,7.0,692.0,189,8,2
4871528602,2020-05-18,03:00:55,691,1,abishek72,705,win,IN,2020-04-09,basic,87.0,82.0,14.0,C22,e7e5,e5d4,b8c6,g8f6,f8b4,e2e4,d2d4,d1d4,d4c4,b1c3,18,resigned,2020-05-18 03:00:55,0,0,3,0,39,183.0,-8.0,699.0,190,1,1
4871548517,2020-05-18,03:09:20,691,0,godo1020,697,insufficient,MX,2019-06-30,basic,1585.0,1742.0,113.0,B01,e2e4,d1h5,h5e5,b1c3,e5d5,d7d5,g8f6,f6e4,b8c6,e4c3,53,insufficient,2020-05-18 03:09:20,0,2,3,0,323,3440.0,0.0,691.0,191,2,2
4871640801,2020-05-18,03:48:39,700,0,raf774,713,resigned,RU,2020-05-06,basic,157.0,182.0,27.0,A00,e2e4,f2f3,b1c3,g1h3,f1b5,d7d5,e7e5,g8f6,b8c6,a7a6,41,win,2020-05-18 03:48:39,1,1,3,0,12,366.0,9.0,691.0,192,3,3
4871915041,2020-05-18,05:48:28,693,1,Linyah,735,win,NL,2020-01-08,premium,201.0,183.0,22.0,C21,e7e5,g8f6,f6e4,d7d5,f8c5,e2e4,d2d4,d4e5,d1d4,f2f3,34,abandoned,2020-05-18 05:48:28,0,2,5,0,131,406.0,-7.0,700.0,193,4,1
4876259771,2020-05-19,03:52:02,685,1,Quez44,694,win,US,2019-07-18,premium,196.0,139.0,19.0,C00,d7d5,e7e6,d8f6,f6f5,f5f6,e2e4,b1c3,d2d4,e4e5,g2g4,22,checkmated,2020-05-19 03:52:02,0,0,3,1,306,354.0,-8.0,693.0,194,1,1
4876457307,2020-05-19,05:15:10,692,1,Truckle0,655,resigned,GB,2020-03-08,basic,68.0,77.0,4.0,B07,e7e5,d7d6,g8f6,g7g6,a7a6,e2e4,d2d4,d4d5,b1c3,f1c4,17,win,2020-05-19 05:15:10,1,1,5,1,72,149.0,7.0,685.0,195,2,1
4876470443,2020-05-19,05:20:25,685,1,rambodt,741,win,ES,2020-04-03,basic,132.0,164.0,2.0,C22,e7e5,e5d4,b8c6,d7d6,c8d7,e2e4,d2d4,d1d4,d4a4,c1f4,21,checkmated,2020-05-19 05:20:25,0,0,5,1,46,298.0,-7.0,692.0,196,3,2
4876780720,2020-05-19,07:30:07,692,1,karatebarry79,655,checkmated,US,2019-10-05,basic,306.0,311.0,36.0,C21,e7e5,d8e7,e5d4,f7f6,c7c5,e2e4,d2d4,g1f3,d1d4,b1c3,45,win,2020-05-19 07:30:07,1,1,7,1,227,653.0,7.0,685.0,197,4,1
4880005204,2020-05-19,22:31:20,701,0,NleSauce23,716,resigned,ZW,2020-04-12,basic,79.0,86.0,0.0,D02,d2d4,g1f3,b1c3,e2e4,e4d5,d7d5,b8c6,g8f6,e7e5,c6d4,14,win,2020-05-19 22:31:20,1,1,22,1,37,165.0,9.0,692.0,198,5,1
4880028749,2020-05-19,22:38:21,710,0,sonnyside99999,717,resigned,US,2019-10-20,basic,553.0,555.0,60.0,C20,e2e4,d1h5,h5e5,e5e7,f2f3,e7e5,g8f6,d8e7,f8e7,d7d5,14,win,2020-05-19 22:38:21,1,1,22,1,212,1168.0,9.0,701.0,199,6,2
4880038870,2020-05-19,22:41:40,718,0,Nic_Nack,683,checkmated,US,2020-02-19,basic,33.0,53.0,5.0,A00,e2e3,c2c3,g2g3,f1b5,b5f1,d7d5,e7e5,b8c6,a7a6,g8f6,60,win,2020-05-19 22:41:40,1,1,22,1,90,91.0,8.0,710.0,200,7,3
4881981165,2020-05-20,11:12:27,710,1,IvanGromov,732,win,RU,2020-04-17,premium,31.0,56.0,5.0,B00,e7e5,b8c6,g8f6,e5d4,d7d5,e2e4,d2d4,g1f3,b1c3,f3d4,31,resigned,2020-05-20 11:12:27,0,0,11,2,33,92.0,-8.0,718.0,201,1,1
4884912979,2020-05-21,00:38:07,718,1,marcusbg67,699,resigned,BR,2020-04-05,basic,249.0,234.0,19.0,B01,d7d5,d5d4,e7e5,f7f6,g8h6,e2e4,b1c3,c3d5,g1f3,c2c3,15,win,2020-05-21 00:38:07,1,1,0,3,46,502.0,8.0,710.0,202,1,1
4884926395,2020-05-21,00:43:06,709,0,Abeluvi,681,win,MX,2019-12-11,basic,278.0,312.0,28.0,D00,f2f4,d2d4,e2e3,b1c3,f1e2,d7d5,b8c6,g8f6,c8g4,e7e6,19,resigned,2020-05-21 00:43:06,0,0,0,3,162,618.0,-9.0,718.0,203,2,2
4884998438,2020-05-21,01:10:45,701,0,TgIoAmGeOs,714,win,BR,2019-11-24,basic,230.0,224.0,8.0,A00,e2e4,f2f3,d2d3,c1d2,b1a3,d7d5,e7e5,g8f6,d5d4,b8c6,26,resigned,2020-05-21 01:10:45,0,0,1,3,179,462.0,-8.0,709.0,204,3,1
4885761067,2020-05-21,06:27:09,693,0,vj_cumar,713,win,IN,2018-02-20,basic,387.0,418.0,49.0,B01,e2e4,d1f3,e4d5,c2c4,f3f4,d7d5,e7e5,g8f6,e5e4,c7c6,35,resigned,2020-05-21 06:27:09,0,0,6,3,821,854.0,-8.0,701.0,205,4,1
4889435434,2020-05-22,00:19:11,701,1,Fastera13,666,checkmated,SE,2020-05-17,basic,10.0,37.0,2.0,B00,b7b6,c8b7,b8c6,g7g6,c6b4,e2e4,d2d4,b1c3,g1f3,d4d5,47,win,2020-05-22 00:19:11,1,1,0,4,5,49.0,8.0,693.0,206,1,1
4889465434,2020-05-22,00:30:37,710,1,gaboline,739,resigned,CO,2016-03-10,basic,23.0,23.0,2.0,C00,e7e6,b7b6,b8c6,g8e7,f7f6,e2e4,d2d4,b1c3,g1f3,f1c4,15,win,2020-05-22 00:30:37,1,1,0,4,1534,48.0,9.0,701.0,207,2,2
4889478690,2020-05-22,00:35:48,719,1,Th99,750,checkmated,VN,2020-02-07,basic,290.0,287.0,29.0,C21,e7e5,f7f6,d7d6,g8e7,b8c6,e2e4,d2d4,g1f3,b1c3,f1c4,53,win,2020-05-22 00:35:48,1,1,0,4,105,606.0,9.0,710.0,208,3,3
4889774856,2020-05-22,02:29:57,727,1,zchessbud,703,checkmated,US,2019-01-06,premium,173.0,245.0,11.0,B00,e7e5,b8c6,g8f6,e5d4,f8c5,e2e4,d2d4,g1f3,b1c3,f3d4,24,win,2020-05-22 02:29:57,1,1,2,4,502,429.0,8.0,719.0,209,4,1
4889798321,2020-05-22,02:39:30,731,0,checkersking1,550,checkmated,US,2019-06-30,basic,348.0,807.0,19.0,D00,d2d4,g2g3,d1d3,d3e3,b1c3,d7d5,b8c6,e7e5,c6d4,d4c2,31,win,2020-05-22 02:39:30,1,1,2,4,327,1174.0,4.0,727.0,210,5,2
4889815794,2020-05-22,02:46:43,727,1,thekidx1415,943,win,US,2019-12-13,premium,604.0,652.0,65.0,C21,e7e5,f7f6,d7d6,f6e5,h7h6,e2e4,d2d4,g1f3,d4e5,f1c4,43,checkmated,2020-05-22 02:46:43,0,0,2,4,161,1321.0,-4.0,731.0,211,6,3
4889857148,2020-05-22,03:03:10,726,0,Allan12Great,1273,win,KE,2017-03-23,premium,2379.0,2438.0,108.0,B01,e2e4,e4d5,b1c3,d2d4,d1e2,d7d5,d8d5,d5a5,e7e5,b8c6,29,checkmated,2020-05-22 03:03:10,0,0,3,4,1156,4925.0,-1.0,727.0,212,7,1
4889890531,2020-05-22,03:16:49,727,1,Gergen20,276,abandoned,US,2020-05-17,basic,11.0,142.0,0.0,C21,e7e5,b7b6,c8b7,b8c6,c6b8,e2e4,d2d4,d4e5,b1c3,g1f3,31,win,2020-05-22 03:16:49,1,1,3,4,5,153.0,1.0,726.0,213,8,2
4889913690,2020-05-22,03:26:13,741,1,hjaswal0,1008,checkmated,CA,2019-09-12,basic,633.0,894.0,43.0,C25,e7e5,f8b4,b4c3,g8f6,e8g8,e2e4,b1c3,a2a3,d2c3,f1d3,39,win,2020-05-22 03:26:13,1,1,3,4,253,1570.0,14.0,727.0,214,9,3
4889962019,2020-05-22,03:46:06,735,0,alfil002,838,win,AR,2017-09-24,basic,2208.0,2418.0,86.0,A00,c2c3,b2b4,d1a4,e2e3,a4b3,d7d5,e7e5,c7c6,b7b5,g8f6,30,resigned,2020-05-22 03:46:06,0,0,3,4,971,4712.0,-6.0,741.0,215,10,4
4889989845,2020-05-22,03:58:00,731,0,shanenankivell,944,win,AU,2018-09-25,premium,44.0,50.0,3.0,B01,e2e4,e4d5,d2d4,b1c3,g1f3,d7d5,d8d5,d5a5,b8c6,g8f6,23,checkmated,2020-05-22 03:58:00,0,0,3,4,605,97.0,-4.0,735.0,216,11,5
4890010021,2020-05-22,04:06:12,746,1,jroso123,1381,win,CO,2020-04-07,basic,300.0,260.0,21.0,B21,c7c5,c5d4,b8c6,e7e6,f8b4,e2e4,d2d4,d1d4,d4a4,b1c3,25,checkmated,2020-05-22 04:06:12,0,0,4,4,45,581.0,15.0,731.0,217,12,1
4890707260,2020-05-22,08:52:19,755,1,mds2007mds200771,785,resigned,IN,2019-05-16,basic,960.0,1018.0,108.0,C21,e7e5,e5d4,f7f6,b7b6,f8c5,e2e4,d2d4,d1d4,e4e5,e5f6,33,win,2020-05-22 08:52:19,1,1,8,4,372,2086.0,9.0,746.0,218,13,1
4894839352,2020-05-23,05:55:02,748,1,Nitinsingh4857,794,win,IN,2020-05-10,basic,49.0,56.0,6.0,B00,e7e5,b8c6,d7d6,g8f6,c8e6,e2e4,d2d4,g1f3,c1e3,b1c3,31,resigned,2020-05-23 05:55:02,0,0,5,5,13,111.0,-7.0,755.0,219,1,1
4895346905,2020-05-23,09:10:15,756,0,doudouman14,729,resigned,FR,2020-03-28,basic,408.0,411.0,83.0,D02,d2d4,g1f3,c2c3,f3e5,d4e5,d7d5,b8c6,g8f6,c6e5,f6e4,50,win,2020-05-23 09:10:15,1,1,9,5,56,902.0,8.0,748.0,220,2,1
4895371346,2020-05-23,09:18:43,764,1,EdwinHow,730,resigned,MY,2019-11-24,basic,1389.0,1406.0,115.0,C00,d7d6,e7e6,h7h6,a7a6,g8f6,e2e4,d2d4,g1f3,f1c4,e1g1,12,win,2020-05-23 09:18:43,1,1,9,5,181,2910.0,8.0,756.0,221,3,2
4895391134,2020-05-23,09:25:54,778,1,Folgadini,733,checkmated,PT,2020-04-20,basic,151.0,185.0,13.0,C21,e7e5,f7f6,d7d6,a7a6,b7b5,e2e4,d2d4,g1f3,f1c4,e1g1,27,win,2020-05-23 09:25:54,1,1,9,5,33,349.0,14.0,764.0,222,4,3
4895510219,2020-05-23,10:06:54,771,0,vivek_097,813,win,IN,2020-04-11,basic,153.0,135.0,6.0,B01,e2e4,d1f3,d2d3,c1g5,g5f6,d7d5,g8f6,e7e5,h7h6,g7f6,24,checkmated,2020-05-23 10:06:54,0,0,10,5,42,294.0,-7.0,778.0,223,5,1
4903504613,2020-05-25,01:58:36,763,1,DriisGooDeal,795,win,FR,2020-03-25,basic,565.0,564.0,29.0,C22,e7e5,e5d4,b8c6,g8f6,g7g6,e2e4,d2d4,d1d4,d4a4,b1c3,39,checkmated,2020-05-25 01:58:36,0,0,1,0,61,1158.0,-8.0,771.0,224,1,1
